video_name,metric
0.mp4,0.0
1.mp4,0.0
2.mp4,0.0
3.mp4,0.0
4.mp4,0.0
5.mp4,0.0
6.mp4,0.0
7.mp4,0.0
8.mp4,0.0
9.mp4,0.0
10.mp4,0.0
11.mp4,0.0
12.mp4,0.0
13.mp4,0.0
14.mp4,0.0
15.mp4,0.0
16.mp4,0.0
17.mp4,0.0
18.mp4,0.0
19.mp4,0.0
20.mp4,0.0
21.mp4,0.0
22.mp4,0.0
23.mp4,0.0
24.mp4,0.0
25.mp4,0.0
26.mp4,0.0
27.mp4,0.0
28.mp4,0.0
29.mp4,0.0
30.mp4,0.0
31.mp4,0.0
32.mp4,0.0
33.mp4,0.0
34.mp4,0.0
35.mp4,0.0
36.mp4,0.0
37.mp4,0.0
38.mp4,0.0
39.mp4,0.0
40.mp4,0.0
41.mp4,0.0
42.mp4,0.0
43.mp4,0.0
44.mp4,0.0
45.mp4,0.0
46.mp4,0.0
47.mp4,0.0
48.mp4,0.0
49.mp4,0.0
50.mp4,0.0
51.mp4,0.0
52.mp4,0.0
53.mp4,0.0
54.mp4,0.0
55.mp4,0.0
56.mp4,0.0
57.mp4,0.0
58.mp4,0.0
59.mp4,0.0
60.mp4,0.0
61.mp4,0.0
62.mp4,0.0
63.mp4,0.0
64.mp4,0.0
65.mp4,0.0
66.mp4,0.0
67.mp4,0.0
68.mp4,0.0
69.mp4,0.0
70.mp4,0.0
71.mp4,0.0
72.mp4,0.0
73.mp4,0.0
74.mp4,0.0
75.mp4,0.0
76.mp4,0.0
77.mp4,0.0
78.mp4,0.0
79.mp4,0.0
80.mp4,0.0
81.mp4,0.0
82.mp4,0.0
83.mp4,0.0
84.mp4,0.0
85.mp4,0.0
86.mp4,0.0
87.mp4,0.0
88.mp4,0.0
89.mp4,0.0
90.mp4,0.0
91.mp4,0.0
92.mp4,0.0
93.mp4,0.0
94.mp4,0.0
95.mp4,0.0
96.mp4,0.0
97.mp4,0.0
98.mp4,0.0
99.mp4,0.0
